J0101,吾輩は猫である,430,1,2026-05-20
J0102,星の王子さま,850,2,2026-05-20
J0103,C言語を学ぼう,990,3,2026-05-20
J0104,基本情報は取りましょう,700,1,2026-05-20
J0105,坊っちゃん,650,2,2026-05-20
J0106,銀河鉄道の夜,800,3,2026-05-20
J0107,シャーロック・ホームズの冒険,520,1,2026-05-20
J0108,赤毛のアン,910,2,2026-05-20
J0109,走れメロス,1000,3,2026-05-20
J0110,こころ,430,1,2026-05-20
J0111,老人と海,440,2,2026-05-20
J0112,カラマーゾフの兄弟,450,3,2026-05-20
J0113,1984年,460,1,2026-05-20
J0114,罪と罰,470,2,2026-05-20
J0115,変身,480,3,2026-05-20
J0116,アンドロイドは電気羊の夢を見るか,490,1,2026-05-20
J0117,三国志,500,2,2026-05-20
J0118,源氏物語,510,3,2026-05-20
J0119,平家物語,520,1,2026-05-20
J0120,古事記,530,2,2026-05-20
J0121,世界の歴史,540,3,2026-05-20
J0122,日本の歴史,550,1,2026-05-20
J0123,世界地図,560,2,2026-05-20
J0124,日本地図,570,3,2026-05-20
J0125,世界の国旗,580,1,2026-05-20
J0126,世界遺産,590,2,2026-05-20
J0127,世界の宗教,600,3,2026-05-20
J0128,世界の美術,610,1,2026-05-20
J0129,印象派の画家たち,620,2,2026-05-20
J0130,ルネサンス美術,630,3,2026-05-20
J0131,現代アート入門,640,1,2026-05-20
J0132,音楽の歴史,650,2,2026-05-20
J0133,クラシック音楽名曲集,660,3,2026-05-20
J0134,ジャズの世界,670,1,2026-05-20
J0135,ロックの歴史,680,2,2026-05-20
J0136,映画の名作,690,3,2026-05-20
J0137,演劇入門,700,1,2026-05-20
J0138,写真の教科書,710,2,2026-05-20
J0139,書道の基本,720,3,2026-05-20
J0140,茶道の心,730,1,2026-05-20
J0141,華道の美,740,2,2026-05-20
J0142,囲碁の世界,750,3,2026-05-20
J0143,将棋の戦術,760,1,2026-05-20
J0144,チェス入門,770,2,2026-05-20
J0145,サッカー戦術,780,3,2026-05-20
J0146,野球の歴史,790,1,2026-05-20
J0147,バスケットボール入門,800,2,2026-05-20
J0148,テニスの基本,810,3,2026-05-20
J0149,水泳の科学,820,1,2026-05-20
J0150,陸上競技,830,2,2026-05-20
J0151,登山の楽しみ,840,3,2026-05-20
J0152,釣りの極意,850,1,2026-05-20
J0153,キャンプ入門,860,2,2026-05-20
J0154,自転車の旅,870,3,2026-05-20
J0155,料理の基本,880,1,2026-05-20
J0156,和食レシピ集,890,2,2026-05-20
J0157,洋食レシピ集,900,3,2026-05-20
J0158,お菓子作り,910,1,2026-05-20
J0159,パン作り,920,2,2026-05-20
J0160,家庭菜園,930,3,2026-05-20
J0161,ガーデニング,940,1,2026-05-20
J0162,DIY入門,950,2,2026-05-20
J0163,インテリアの工夫,960,3,2026-05-20
J0164,手芸の楽しみ,970,1,2026-05-20
J0165,編み物の本,980,2,2026-05-20
J0166,折り紙大全,990,3,2026-05-20
J0167,絵本の世界,1000,1,2026-05-20
J0168,童話集,1010,2,2026-05-20
J0169,児童文学名作,1020,3,2026-05-20
J0170,図鑑・動物,1030,1,2026-05-20
J0171,図鑑・植物,1040,2,2026-05-20
J0172,図鑑・昆虫,1050,3,2026-05-20
J0173,図鑑・恐竜,1060,1,2026-05-20
J0174,図鑑・宇宙,1070,2,2026-05-20
J0175,図鑑・乗り物,1080,3,2026-05-20
J0176,科学のふしぎ,1090,1,2026-05-20
J0177,実験で学ぶ科学,1100,2,2026-05-20
J0178,天文学入門,1110,3,2026-05-20
J0179,物理の世界,1120,1,2026-05-20
J0180,化学の基本,1130,2,2026-05-20
J0181,生物学入門,1140,3,2026-05-20
J0182,地学の教科書,1150,1,2026-05-20
J0183,数学パズル,1160,2,2026-05-20
J0184,算数ドリル,1170,3,2026-05-20
J0185,英語の本,1180,1,2026-05-20
J0186,フランス語入門,1190,2,2026-05-20
J0187,ドイツ語会話,1200,3,2026-05-20
J0188,中国語の基礎,1210,1,2026-05-20
J0189,韓国語の本,1220,2,2026-05-20
J0190,スペイン語入門,1230,3,2026-05-20
J0191,イタリア語会話,1240,1,2026-05-20
J0192,ロシア語の本,1250,2,2026-05-20
J0193,アラビア語入門,1260,3,2026-05-20
J0194,日本語文法,1270,1,2026-05-20
J0195,漢字辞典,1280,2,2026-05-20
J0196,ことわざ辞典,1290,3,2026-05-20
J0197,四字熟語辞典,1300,1,2026-05-20
J0198,百科事典,1310,2,2026-05-20
J0199,国語辞典,1320,3,2026-05-20
J0200,英和辞典,1330,1,2026-05-20
J0201,和英辞典,1340,2,2026-05-20
J0202,現代用語辞典,1350,3,2026-05-20
J0203,パソコン入門,1360,1,2026-05-20
J0204,インターネットの使い方,1370,2,2026-05-20
J0205,スマートフォン活用術,1380,3,2026-05-20
J0206,写真編集テクニック,1390,1,2026-05-20
J0207,動画制作入門,1400,2,2026-05-20
J0208,プログラミング基礎,1410,3,2026-05-20
J0209,AIと未来社会,1420,1,2026-05-20
J0210,ロボットのしくみ,1430,2,2026-05-20
J0211,ドローン活用法,1440,3,2026-05-20
J0212,宇宙開発の最前線,1450,1,2026-05-20
J0213,医療の進歩,1460,2,2026-05-20
J0214,健康と栄養,1470,3,2026-05-20
J0215,介護の知識,1480,1,2026-05-20
J0216,子育てハンドブック,1490,2,2026-05-20
J0217,ペットの飼い方,1500,3,2026-05-20
J0218,マナーと礼儀,1510,1,2026-05-20
J0219,冠婚葬祭の知識,1520,2,2026-05-20
J0220,ビジネスマナー,1530,3,2026-05-20
J0221,就職活動ガイド,1540,1,2026-05-20
J0222,自己啓発の本,1550,2,2026-05-20
J0223,時間管理術,1560,3,2026-05-20
J0224,お金の教科書,1570,1,2026-05-20
J0225,投資入門,1580,2,2026-05-20
J0226,年金と保険,1590,3,2026-05-20
J0227,節約術,1600,1,2026-05-20
J0228,家計簿のつけ方,1610,2,2026-05-20
J0229,住宅購入ガイド,1620,3,2026-05-20
J0230,車のメンテナンス,1630,1,2026-05-20
J0231,バイクの整備,1640,2,2026-05-20
J0232,電車の歴史,1650,3,2026-05-20
J0233,飛行機のしくみ,1660,1,2026-05-20
J0234,船の科学,1670,2,2026-05-20
J0235,宇宙船の技術,1680,3,2026-05-20
J0236,鉄道旅行,1690,1,2026-05-20
J0237,世界一周の旅,1700,2,2026-05-20
J0238,温泉ガイド,1710,3,2026-05-20
J0239,日本の名城,1720,1,2026-05-20
J0240,世界の絶景,1730,2,2026-05-20
J0241,世界の料理,1740,3,2026-05-20
J0242,日本の伝統文化,1750,1,2026-05-20
J0243,茶道の歴史,1760,2,2026-05-20
J0244,和菓子の世界,1770,3,2026-05-20
J0245,日本の祭り,1780,1,2026-05-20
J0246,世界の祭り,1790,2,2026-05-20
J0247,伝統工芸,1800,3,2026-05-20
J0248,民話と伝説,1810,1,2026-05-20
J0249,神話の世界,1820,2,2026-05-20
J0250,世界の童話,1830,3,2026-05-20

